{"count":1,"self":278.0845312,"total":929.61903469999993,"children":{"InitializeActuators":{"count":25,"self":0.0019998999999999998,"total":0.0019998999999999998,"children":null},"InitializeSensors":{"count":25,"self":0.0029993999999999997,"total":0.0029993999999999997,"children":null},"AgentSendState":{"count":271951,"self":2.3073246,"total":16.122521199999998,"children":{"CollectObservations":{"count":80710,"self":0.2455308,"total":0.2455308,"children":null},"WriteActionMask":{"count":80710,"self":0.41798579999999996,"total":0.41798579999999996,"children":null},"RequestDecision":{"count":80710,"self":0.8152087,"total":13.151679999999999,"children":{"AgentInfo.ToProto":{"count":80710,"self":0.74688519999999992,"total":12.3364713,"children":{"GenerateSensorData":{"count":80710,"self":11.5895864,"total":11.5895861,"children":null}}}}}}},"DecideAction":{"count":271951,"self":619.49050879999993,"total":619.49050579999994,"children":null},"AgentAct":{"count":271951,"self":14.89696,"total":15.8195041,"children":{"AgentInfo.ToProto":{"count":5956,"self":0.0902081,"total":0.92254419999999993,"children":{"GenerateSensorData":{"count":5956,"self":0.83233609999999991,"total":0.83233609999999991,"children":null}}}}},"AgentInfo.ToProto":{"count":601,"self":0.0070389,"total":0.0959763,"children":{"GenerateSensorData":{"count":601,"self":0.0889374,"total":0.0889374,"children":null}}}},"gauges":{"SK_01.CumulativeReward":{"count":6557,"max":1.6442368,"min":-1.6,"runningAverage":1.16965461,"value":1.63407362,"weightedAverage":1.52729368}},"metadata":{"timer_format_version":"0.1.0","start_time_seconds":"1770221437","unity_version":"6000.3.3f1","command_line_arguments":"E:\\Programme\\Unity\\Installs\\6000.3.3f1\\Editor\\Unity.exe -projectpath F:\\Dateien\\Unity\\GameMasterProject -acceptSoftwareTermsForThisRunOnly -useHub -hubIPC -cloudEnvironment production","communication_protocol_version":"1.5.0","com.unity.ml-agents_version":"4.0.0","scene_name":"SimpleSkillsTraining","end_time_seconds":"1770222366"}}